Index,Match ID,Data,Hora,Mapa,Resultado,Placar,Kills,Deaths,Assists,K/D,K/R,Rating,HS%,ADR,Dano Total,Headshots,Total Rounds,ELO,ELO Delta,Regiao,Competicao,Game Mode
1,1-7f80f707-0b6a-4ef8-ac51-c731c6a7b8ba,20/05/2026,22:41,de_overpass,Vitória,4 / 13,13,11,4,1.18,0.76,1.48,54,83.6,1421,7,17,2104,23,EU,f4148ddd-bce8-41b8-9131-ee83afcdd6dd,5v5
2,1-a795cc9e-1f12-4496-8a3c-e962fce663f6,19/05/2026,23:03,de_inferno,Vitória,9 / 13,12,14,3,0.86,0.55,1.26,42,63.9,1406,5,22,2081,23,EU,f4148ddd-bce8-41b8-9131-ee83afcdd6dd,5v5
3,1-ae72ec0a-0569-49da-abfa-5d2a7c2fef20,19/05/2026,22:04,de_inferno,Vitória,13 / 8,10,14,3,0.71,0.48,0.93,20,52.6,1105,2,21,2058,23,EU,f4148ddd-bce8-41b8-9131-ee83afcdd6dd,5v5
4,1-cc11a08d-240f-4a46-9eaa-9bffab27a13e,19/05/2026,21:19,de_overpass,Vitória,10 / 13,15,19,7,0.79,0.65,0.94,13,69.3,1595,2,23,2035,23,EU,f4148ddd-bce8-41b8-9131-ee83afcdd6dd,5v5
5,1-13fdd138-abfa-4784-8633-3d475d9f3d3f,19/05/2026,20:25,de_anubis,Vitória,9 / 13,14,17,10,0.82,0.64,1.19,36,82.5,1814,5,22,2012,25,EU,f4148ddd-bce8-41b8-9131-ee83afcdd6dd,5v5
6,1-1f0e1ca4-f1ac-47f7-bfba-61fdfdf957de,19/05/2026,14:30,de_inferno,Vitória,13 / 9,20,17,8,1.18,0.91,1.31,25,87.4,1922,5,22,1987,26,EU,f4148ddd-bce8-41b8-9131-ee83afcdd6dd,5v5
7,1-664a438a-4a56-411a-a98a-5a80351ce9df,19/05/2026,00:34,de_inferno,Vitória,5 / 13,21,12,6,1.75,1.17,1.76,52,120.4,2167,11,18,1961,26,EU,f4148ddd-bce8-41b8-9131-ee83afcdd6dd,5v5
8,1-bf7f003a-aeb4-407d-bd5a-013018ea830f,18/05/2026,23:54,de_cache,Vitória,13 / 9,13,14,3,0.93,0.59,0.96,46,63.9,1405,6,22,1935,-24,EU,f4148ddd-bce8-41b8-9131-ee83afcdd6dd,5v5
9,1-1a706775-446b-4fe3-89d3-87487e44c705,18/05/2026,23:08,de_inferno,Vitória,13 / 10,30,12,2,2.5,1.3,1.53,53,117.7,2708,16,23,1959,28,EU,f4148ddd-bce8-41b8-9131-ee83afcdd6dd,5v5
10,1-356d9630-123e-4e47-bd5b-2ba5fd45b3b2,17/05/2026,23:09,de_inferno,Vitória,4 / 13,8,14,2,0.57,0.47,0.85,25,69.2,1176,2,17,1931,-28,EU,f4148ddd-bce8-41b8-9131-ee83afcdd6dd,5v5
11,1-c502a90d-f3da-4c9b-93e7-d1fb41fbd1fd,17/05/2026,22:35,de_overpass,Vitória,13 / 1,7,13,2,0.54,0.5,0.78,57,70.7,990,4,14,1959,-28,EU,f4148ddd-bce8-41b8-9131-ee83afcdd6dd,5v5
12,1-5ce4eb75-aab4-4dec-8e05-ec1a778ed6af,17/05/2026,21:59,de_overpass,Vitória,5 / 13,15,7,3,2.14,0.83,1.53,40,91.7,1651,6,18,1987,26,EU,f4148ddd-bce8-41b8-9131-ee83afcdd6dd,5v5
13,1-e8f0a9b4-6090-405b-b65b-0c4bccc4f230,17/05/2026,21:14,de_nuke,Vitória,13 / 11,23,12,5,1.92,0.96,1.46,57,94.3,2263,13,24,1961,29,EU,f4148ddd-bce8-41b8-9131-ee83afcdd6dd,5v5
14,1-6548a6e2-1783-4ba0-be7d-1d0d0c7c47ad,17/05/2026,20:24,de_inferno,Vitória,4 / 13,15,10,9,1.5,0.88,1.47,60,109.2,1857,9,17,1932,29,EU,f4148ddd-bce8-41b8-9131-ee83afcdd6dd,5v5
15,1-265e8ab7-65c3-44db-97c0-2b82c2d53dda,17/05/2026,14:22,de_inferno,Vitória,5 / 13,8,14,1,0.57,0.44,0.65,25,47.8,860,2,18,1903,-27,EU,f4148ddd-bce8-41b8-9131-ee83afcdd6dd,5v5
16,1-3d6f56df-34d9-4cdf-bef7-615e446df646,17/05/2026,00:14,de_anubis,Vitória,13 / 8,8,16,4,0.5,0.38,0.77,38,62.6,1314,3,21,1930,-28,EU,f4148ddd-bce8-41b8-9131-ee83afcdd6dd,5v5
17,1-e33a8241-c619-49c6-95e4-f700c7ac9e2f,16/05/2026,00:29,de_anubis,Vitória,10 / 13,18,14,2,1.29,0.78,1.13,44,87.8,2020,8,23,1958,-22,EU,f4148ddd-bce8-41b8-9131-ee83afcdd6dd,5v5
18,1-dddca5c2-0e2f-4fb6-9cd0-6db630d00804,15/05/2026,23:44,de_overpass,Vitória,13 / 11,18,18,4,1,0.75,1.14,61,83.2,1998,11,24,1980,-22,EU,f4148ddd-bce8-41b8-9131-ee83afcdd6dd,5v5
19,1-afbbd466-f977-4ae3-a306-bee2d1b3604c,15/05/2026,22:52,de_dust2,Vitória,11 / 13,16,16,3,1,0.67,0.98,50,69.2,1661,8,24,2002,-25,EU,f4148ddd-bce8-41b8-9131-ee83afcdd6dd,5v5
20,1-d8e9e2ca-e5ce-48ef-97cb-f735e8e4b07f,15/05/2026,13:50,de_anubis,Vitória,13 / 6,13,10,3,1.3,0.68,1.15,38,59.8,1137,5,19,2027,21,EU,f4148ddd-bce8-41b8-9131-ee83afcdd6dd,5v5
21,1-4bc9d90a-6780-495a-a119-b1529cd290ab,15/05/2026,00:27,de_anubis,Vitória,6 / 13,19,9,3,2.11,1,1.50,42,104.7,1990,8,19,2006,25,EU,f4148ddd-bce8-41b8-9131-ee83afcdd6dd,5v5
22,1-4d961d71-85ef-43d7-8436-ec070a6a3d0f,14/05/2026,23:42,de_anubis,Vitória,8 / 13,23,11,3,2.09,1.1,1.41,43,104.9,2202,10,21,1981,28,EU,f4148ddd-bce8-41b8-9131-ee83afcdd6dd,5v5
23,1-81739e72-557f-4d07-b86b-859227a9be6c,14/05/2026,22:46,de_overpass,Vitória,13 / 4,16,9,3,1.78,0.94,1.46,50,94.8,1612,8,17,1953,26,EU,f4148ddd-bce8-41b8-9131-ee83afcdd6dd,5v5
24,1-2a146096-253a-48cc-b172-1f42eb334ee6,14/05/2026,22:03,de_inferno,Vitória,10 / 13,18,18,8,1,0.78,1.19,33,89,2047,6,23,1927,-23,EU,f4148ddd-bce8-41b8-9131-ee83afcdd6dd,5v5
25,1-9637179a-3a7e-4d1d-8316-1832f8ae58e2,14/05/2026,21:16,de_inferno,Vitória,8 / 13,10,17,9,0.59,0.48,0.80,90,72,1511,9,21,1950,-25,EU,f4148ddd-bce8-41b8-9131-ee83afcdd6dd,5v5
26,1-33034b2d-6dbd-49c2-99fc-239023fa9ece,14/05/2026,20:28,de_dust2,Vitória,13 / 9,15,11,2,1.36,0.68,1.41,60,69.4,1527,9,22,1975,26,EU,f4148ddd-bce8-41b8-9131-ee83afcdd6dd,5v5
27,1-fe173c42-70dc-489e-be34-6e7708c8e895,14/05/2026,00:04,de_mirage,Vitória,13 / 10,16,18,2,0.89,0.7,1.18,44,73.7,1695,7,23,1949,24,EU,f4148ddd-bce8-41b8-9131-ee83afcdd6dd,5v5
28,1-a98adeb6-5baa-4ef0-8638-84a1c81917d3,13/05/2026,23:16,de_anubis,Vitória,11 / 13,13,18,8,0.72,0.54,1.08,46,80.6,1934,6,24,1925,23,EU,f4148ddd-bce8-41b8-9131-ee83afcdd6dd,5v5
29,1-179267cb-7e85-4381-9250-edc62f678de6,13/05/2026,22:26,de_overpass,Vitória,10 / 13,11,17,6,0.65,0.48,0.86,45,75.3,1731,5,23,1902,-26,EU,f4148ddd-bce8-41b8-9131-ee83afcdd6dd,5v5
30,1-18783843-7139-4ee6-85db-b9c2d78991ab,12/05/2026,23:41,de_inferno,Vitória,13 / 11,26,17,6,1.53,1.08,1.04,50,107.1,2571,13,24,1928,27,EU,f4148ddd-bce8-41b8-9131-ee83afcdd6dd,5v5
31,1-f9a7c2bc-6d96-419d-bd32-c7d1eb68980d,12/05/2026,21:58,de_anubis,Vitória,16 / 13,14,21,9,0.67,0.48,0.91,43,67,1943,6,29,1901,-24,EU,f4148ddd-bce8-41b8-9131-ee83afcdd6dd,5v5
32,1-b2b45ba8-f9cc-4a50-93a4-aebab151f285,12/05/2026,20:55,de_inferno,Vitória,16 / 19,22,27,8,0.81,0.63,1.00,50,76.1,2663,11,35,1925,-25,EU,f4148ddd-bce8-41b8-9131-ee83afcdd6dd,5v5
33,1-34abefbf-7b53-42ca-af3f-d5123e4715e4,11/05/2026,23:36,de_nuke,Vitória,5 / 13,9,16,4,0.56,0.5,0.85,0,64,1152,0,18,1950,-25,EU,f4148ddd-bce8-41b8-9131-ee83afcdd6dd,5v5
34,1-131fbe1c-b024-4c07-a0e8-ecc35b6b81e8,11/05/2026,23:02,de_inferno,Vitória,11 / 13,19,13,4,1.46,0.79,1.30,58,89.8,2155,11,24,1975,26,EU,f4148ddd-bce8-41b8-9131-ee83afcdd6dd,5v5
35,1-956c9fa6-9c48-4710-8ff8-1be7a8bacfc7,11/05/2026,22:10,de_nuke,Vitória,13 / 7,14,12,3,1.17,0.7,1.23,36,75.1,1502,5,20,1949,24,EU,f4148ddd-bce8-41b8-9131-ee83afcdd6dd,5v5
36,1-55acffd6-c7e1-4e80-b18b-cfa97ea4d0d8,10/05/2026,23:06,de_anubis,Vitória,9 / 13,11,15,0,0.73,0.5,0.89,64,49.7,1093,7,22,1925,-27,EU,f4148ddd-bce8-41b8-9131-ee83afcdd6dd,5v5
37,1-649abde1-ded9-4bf4-a995-93f62b351136,10/05/2026,22:25,de_anubis,Vitória,9 / 13,11,14,5,0.79,0.5,0.86,18,68.5,1507,2,22,1952,24,EU,f4148ddd-bce8-41b8-9131-ee83afcdd6dd,5v5
38,1-0c5d63d8-73b5-4b03-bf6e-bf7bcce0f836,10/05/2026,21:25,de_inferno,Vitória,16 / 14,25,23,4,1.09,0.83,1.21,40,88.4,2651,10,30,1928,-23,EU,f4148ddd-bce8-41b8-9131-ee83afcdd6dd,5v5
39,1-2d8c7ad3-85a4-4907-b531-2040a4f07c61,10/05/2026,20:19,de_inferno,Vitória,13 / 8,15,16,0,0.94,0.71,0.88,13,68.6,1440,2,21,1951,-24,EU,f4148ddd-bce8-41b8-9131-ee83afcdd6dd,5v5
40,1-4dad9e02-a492-4456-9f99-0e36563dcaab,10/05/2026,01:53,de_anubis,Vitória,13 / 16,16,23,14,0.7,0.55,0.91,38,74.4,2159,6,29,1975,24,EU,f4148ddd-bce8-41b8-9131-ee83afcdd6dd,5v5
41,1-d22b06eb-38f9-4d34-8585-187f682106af,10/05/2026,00:42,de_inferno,Vitória,13 / 5,7,16,4,0.44,0.39,0.80,43,53.2,958,3,18,1951,-28,EU,f4148ddd-bce8-41b8-9131-ee83afcdd6dd,5v5
42,1-aec36fb5-1dfc-43aa-9c43-3e29de078cd5,09/05/2026,23:52,de_anubis,Vitória,10 / 13,17,21,6,0.81,0.74,1.40,41,91.4,2102,7,23,1979,24,EU,f4148ddd-bce8-41b8-9131-ee83afcdd6dd,5v5
43,1-1df83763-312f-4716-bafe-c5a30597d147,09/05/2026,23:05,de_inferno,Vitória,13 / 11,10,13,4,0.77,0.42,0.90,70,48.5,1165,7,24,1955,-23,EU,f4148ddd-bce8-41b8-9131-ee83afcdd6dd,5v5
44,1-a1c78cb3-91ca-40ba-bb35-7fe687983037,09/05/2026,21:45,de_anubis,Vitória,15 / 19,27,23,6,1.17,0.79,1.41,33,94.6,3218,9,34,1978,29,EU,f4148ddd-bce8-41b8-9131-ee83afcdd6dd,5v5
45,1-16c76641-77bd-469c-87e5-8f7234aa706a,09/05/2026,20:37,de_dust2,Vitória,13 / 4,18,10,3,1.8,1.06,1.33,56,101.6,1728,10,17,1949,29,EU,f4148ddd-bce8-41b8-9131-ee83afcdd6dd,5v5
46,1-c3fe1513-bff2-47fc-96b5-45266f5557bb,09/05/2026,20:03,de_mirage,Vitória,5 / 13,17,9,1,1.89,0.94,1.44,71,94.5,1701,12,18,1920,27,EU,f4148ddd-bce8-41b8-9131-ee83afcdd6dd,5v5
47,1-c28748e1-be91-4232-8089-04c29850e630,08/05/2026,23:47,de_overpass,Vitória,13 / 4,8,11,4,0.73,0.47,1.16,50,62.4,1060,4,17,1893,24,EU,f4148ddd-bce8-41b8-9131-ee83afcdd6dd,5v5
48,1-70782e0e-1918-4d6d-9efe-5e4b004240a4,07/05/2026,23:23,de_inferno,Vitória,13 / 7,15,15,6,1,0.75,0.97,47,87.4,1747,7,20,1869,-25,EU,f4148ddd-bce8-41b8-9131-ee83afcdd6dd,5v5
49,1-3b3a57a1-e830-4c8f-9b3a-70a71b27c050,07/05/2026,00:17,de_nuke,Vitória,13 / 10,17,15,3,1.13,0.74,0.92,35,76.7,1763,6,23,1894,24,EU,f4148ddd-bce8-41b8-9131-ee83afcdd6dd,5v5
50,1-c870b813-2f40-4d48-8e77-b6ceb795f829,06/05/2026,23:38,de_anubis,Vitória,13 / 11,22,17,4,1.29,0.92,1.36,41,100,2400,9,24,1870,-23,EU,f4148ddd-bce8-41b8-9131-ee83afcdd6dd,5v5
51,1-88019da2-22f9-46d3-a68f-c2bf4b4cbf00,05/05/2026,23:37,de_anubis,Vitória,11 / 13,11,19,10,0.58,0.46,1.05,55,83.8,2011,6,24,1893,-27,EU,f4148ddd-bce8-41b8-9131-ee83afcdd6dd,5v5
52,1-3ef30eb1-c61a-4688-a279-ea726c189d9f,05/05/2026,22:38,de_inferno,Vitória,13 / 4,18,11,3,1.64,1.06,1.13,39,94.5,1606,7,17,1920,-23,EU,f4148ddd-bce8-41b8-9131-ee83afcdd6dd,5v5
53,1-00790da8-7438-41c1-ad8f-100d3055a4fd,05/05/2026,21:53,de_overpass,Vitória,4 / 13,11,16,2,0.69,0.65,0.87,36,70.7,1202,4,17,1943,-28,EU,f4148ddd-bce8-41b8-9131-ee83afcdd6dd,5v5
54,1-4eb04718-909c-417a-89c3-513a5afceaa5,05/05/2026,21:17,de_anubis,Vitória,9 / 13,15,15,10,1,0.68,1.39,27,86.2,1896,4,22,1971,27,EU,f4148ddd-bce8-41b8-9131-ee83afcdd6dd,5v5
55,1-9eeb9841-8b80-43b3-9f65-265d8eec876e,04/05/2026,21:26,de_inferno,Vitória,11 / 13,22,16,7,1.38,0.92,1.18,50,103.8,2492,11,24,1944,-22,EU,f4148ddd-bce8-41b8-9131-ee83afcdd6dd,5v5
56,1-783e877f-b45b-4eae-a0b4-b4dbd782e109,04/05/2026,20:33,de_anubis,Vitória,11 / 13,21,18,8,1.17,0.88,1.41,48,102.7,2465,10,24,1966,27,EU,f4148ddd-bce8-41b8-9131-ee83afcdd6dd,5v5
57,1-9849fa07-a639-4a07-bed3-7abb1ff32668,04/05/2026,16:57,de_inferno,Vitória,13 / 11,13,17,7,0.76,0.54,0.88,15,55.5,1331,2,24,1939,-27,EU,f4148ddd-bce8-41b8-9131-ee83afcdd6dd,5v5
58,1-d84e9bbe-187e-4687-84d8-119621fc56dc,04/05/2026,15:44,de_anubis,Vitória,13 / 5,12,15,0,0.8,0.67,1.26,50,83.4,1502,6,18,1966,-27,EU,f4148ddd-bce8-41b8-9131-ee83afcdd6dd,5v5
59,1-fc825098-2bfc-40a0-9c22-c51fa6093736,04/05/2026,00:23,de_anubis,Vitória,13 / 4,5,15,4,0.33,0.29,0.52,40,36.3,617,2,17,1993,-21,EU,f4148ddd-bce8-41b8-9131-ee83afcdd6dd,5v5
60,1-d962db5b-8d0e-4500-99a7-dd7e9f6e0534,03/05/2026,23:42,de_anubis,Vitória,16 / 14,21,23,9,0.91,0.7,1.13,14,84.8,2544,3,30,2014,-20,EU,f4148ddd-bce8-41b8-9131-ee83afcdd6dd,5v5
61,1-0622c373-da8d-45d4-a4b8-fdffe6157abf,03/05/2026,22:29,de_nuke,Vitória,10 / 13,16,15,8,1.07,0.7,1.31,50,93.8,2157,8,23,2034,19,EU,f4148ddd-bce8-41b8-9131-ee83afcdd6dd,5v5
62,1-7eef2355-9a44-4951-aa29-e6dc5a4ca4d2,03/05/2026,21:45,de_nuke,Vitória,13 / 8,13,19,6,0.68,0.62,0.74,23,71.5,1501,3,21,2015,-20,EU,f4148ddd-bce8-41b8-9131-ee83afcdd6dd,5v5
63,1-23d673e9-6fba-4a9f-aa9a-43d0f81c3e98,03/05/2026,21:05,de_nuke,Vitória,3 / 13,8,8,7,1,0.5,1.13,75,60.7,971,6,16,2035,20,EU,f4148ddd-bce8-41b8-9131-ee83afcdd6dd,5v5
64,1-19bcaf81-32cb-49bb-aae3-71b94c0fc1f0,03/05/2026,20:32,de_inferno,Vitória,9 / 13,12,17,3,0.71,0.55,0.71,42,58.8,1294,5,22,2015,-23,EU,f4148ddd-bce8-41b8-9131-ee83afcdd6dd,5v5
65,1-89d8d2a4-227e-423f-a0dd-958b0f53fec9,03/05/2026,00:12,de_inferno,Vitória,11 / 13,18,14,6,1.29,0.75,1.12,33,79.7,1913,6,24,2038,19,EU,f4148ddd-bce8-41b8-9131-ee83afcdd6dd,5v5
66,1-d1efc365-c4bf-4dee-8176-f5a160ccfb51,02/05/2026,23:19,de_inferno,Vitória,5 / 13,13,14,2,0.93,0.72,0.95,46,71.6,1288,6,18,2019,-18,EU,f4148ddd-bce8-41b8-9131-ee83afcdd6dd,5v5
67,1-221a188a-9e5f-4094-a812-38f9ab0758a3,02/05/2026,22:30,de_inferno,Vitória,13 / 3,6,14,6,0.43,0.38,0.69,50,45.9,734,3,16,2037,-18,EU,f4148ddd-bce8-41b8-9131-ee83afcdd6dd,5v5
68,1-4f87e201-8acb-4b67-84a4-6681c2893441,02/05/2026,02:19,de_overpass,Vitória,14 / 16,23,21,7,1.1,0.77,1.02,26,93.7,2811,6,30,2055,23,EU,f4148ddd-bce8-41b8-9131-ee83afcdd6dd,5v5
69,1-b974dc93-218b-4685-ac51-631113d27eb5,02/05/2026,01:14,de_inferno,Vitória,8 / 13,13,16,6,0.81,0.62,0.98,38,72.9,1530,5,21,2032,23,EU,f4148ddd-bce8-41b8-9131-ee83afcdd6dd,5v5
70,1-2b952b3b-f336-4e63-a800-8cf588def509,02/05/2026,00:25,de_cache,Vitória,8 / 13,14,15,5,0.93,0.67,1.09,71,79.7,1674,10,21,2009,-25,EU,f4148ddd-bce8-41b8-9131-ee83afcdd6dd,5v5
71,1-2e976f80-7e8d-45c3-b20e-290763c17963,01/05/2026,23:46,de_overpass,Vitória,8 / 13,21,10,4,2.1,1,1.35,48,99.7,2093,10,21,2034,25,EU,f4148ddd-bce8-41b8-9131-ee83afcdd6dd,5v5
72,1-65f6ac0f-124c-453c-b19e-cbc91ddc8fd3,01/05/2026,01:09,de_overpass,Vitória,6 / 13,13,12,9,1.08,0.68,1.10,23,74.5,1416,3,19,2009,24,EU,f4148ddd-bce8-41b8-9131-ee83afcdd6dd,5v5
73,1-016f146c-7409-4ff5-8bfe-351135aa7dc2,30/04/2026,23:50,de_inferno,Vitória,11 / 13,14,17,5,0.82,0.58,0.95,29,69.7,1673,4,24,1985,-23,EU,f4148ddd-bce8-41b8-9131-ee83afcdd6dd,5v5
74,1-f6681da2-5741-430c-8e17-8f4c7198efd5,30/04/2026,23:03,de_anubis,Vitória,5 / 13,11,11,7,1,0.61,1.15,73,81.7,1470,8,18,2008,26,EU,f4148ddd-bce8-41b8-9131-ee83afcdd6dd,5v5
75,1-38f98175-b3b0-4730-bf92-ab1156ff7027,30/04/2026,22:24,de_overpass,Vitória,10 / 13,18,15,12,1.2,0.78,1.16,39,87.7,2017,7,23,1982,26,EU,f4148ddd-bce8-41b8-9131-ee83afcdd6dd,5v5
76,1-44cdb73a-2b8d-4880-be18-ff35a9e28ff0,30/04/2026,21:35,de_anubis,Vitória,13 / 8,11,16,4,0.69,0.52,0.79,18,68.6,1440,2,21,1956,-26,EU,f4148ddd-bce8-41b8-9131-ee83afcdd6dd,5v5
77,1-abddae19-846c-465f-a738-13df13c8166b,30/04/2026,00:15,de_inferno,Vitória,13 / 4,13,10,3,1.3,0.76,1.34,54,90.1,1531,7,17,1982,26,EU,f4148ddd-bce8-41b8-9131-ee83afcdd6dd,5v5
78,1-6c0f5fea-fe86-4b50-848d-f890403cf5b7,29/04/2026,23:33,de_cache,Vitória,5 / 13,11,12,7,0.92,0.61,1.10,36,78.2,1407,4,18,1956,24,EU,f4148ddd-bce8-41b8-9131-ee83afcdd6dd,5v5
79,1-04dc69e1-1741-4bb7-a12d-697efc03536c,28/04/2026,23:36,de_anubis,Vitória,19 / 17,21,28,11,0.75,0.58,0.85,43,71.1,2558,9,36,1932,-26,EU,f4148ddd-bce8-41b8-9131-ee83afcdd6dd,5v5
80,1-e52cc4ef-519a-494b-890c-4ce2f7e2a34e,28/04/2026,22:16,de_anubis,Vitória,9 / 13,17,14,8,1.21,0.77,1.33,53,86.4,1901,9,22,1958,26,EU,f4148ddd-bce8-41b8-9131-ee83afcdd6dd,5v5
81,1-9a659642-7806-4396-8678-5dc4ada5722d,27/04/2026,22:59,de_inferno,Vitória,8 / 13,12,15,4,0.8,0.57,0.95,42,66.3,1392,5,21,1932,-28,EU,f4148ddd-bce8-41b8-9131-ee83afcdd6dd,5v5
82,1-083ec502-72c0-4c84-bcb6-d7c361aebc5b,27/04/2026,22:10,de_inferno,Vitória,13 / 6,7,15,9,0.47,0.37,0.81,57,72.1,1370,4,19,1960,-30,EU,f4148ddd-bce8-41b8-9131-ee83afcdd6dd,5v5
83,1-b966dfc2-0c10-41a9-8b8e-373d2bf411c4,27/04/2026,21:27,de_inferno,Vitória,13 / 7,11,14,3,0.79,0.55,0.91,27,55.8,1117,3,20,1990,-22,EU,f4148ddd-bce8-41b8-9131-ee83afcdd6dd,5v5
84,1-885d6d5f-df93-4cc0-977c-1e82b426ef66,26/04/2026,22:48,de_inferno,Vitória,8 / 13,11,15,4,0.73,0.52,0.95,55,66.1,1388,6,21,2012,-20,EU,f4148ddd-bce8-41b8-9131-ee83afcdd6dd,5v5
85,1-76495940-8204-447c-b4f4-2a33bf37d980,26/04/2026,21:52,de_overpass,Vitória,7 / 13,22,10,2,2.2,1.1,1.47,36,91.7,1834,8,20,2032,21,EU,f4148ddd-bce8-41b8-9131-ee83afcdd6dd,5v5
86,1-d2671850-f271-45e4-8c8f-22b37be26217,26/04/2026,21:06,de_overpass,Vitória,10 / 13,11,15,8,0.73,0.48,1.08,45,62.6,1439,5,23,2011,23,EU,f4148ddd-bce8-41b8-9131-ee83afcdd6dd,5v5
87,1-e1f1bb4d-a006-47e8-af51-c3a3a0f22ef7,26/04/2026,20:14,de_overpass,Vitória,13 / 9,16,20,5,0.8,0.73,1.12,38,88.3,1942,6,22,1988,-18,EU,f4148ddd-bce8-41b8-9131-ee83afcdd6dd,5v5
88,1-12acfe5e-2b3b-4724-ac30-7cd19ae38001,26/04/2026,18:51,de_nuke,Vitória,6 / 13,9,17,3,0.53,0.47,0.68,22,66.2,1258,2,19,2006,-22,EU,f4148ddd-bce8-41b8-9131-ee83afcdd6dd,5v5
89,1-1c8982d3-850b-4296-b54a-fad845f68280,26/04/2026,03:00,de_inferno,Vitória,9 / 13,13,12,3,1.08,0.59,1.02,38,54.6,1201,5,22,2028,22,EU,f4148ddd-bce8-41b8-9131-ee83afcdd6dd,5v5
90,1-8a34a7a7-b700-41f6-89bc-fb7b0d2cb6bd,26/04/2026,02:04,de_inferno,Vitória,9 / 13,11,16,3,0.69,0.5,0.86,45,53.9,1185,5,22,2006,22,EU,f4148ddd-bce8-41b8-9131-ee83afcdd6dd,5v5
91,1-e1984a86-0013-4edb-ae48-fd75f22152b0,26/04/2026,01:21,de_anubis,Vitória,13 / 8,14,16,5,0.88,0.67,0.96,29,69.6,1462,4,21,1984,-23,EU,f4148ddd-bce8-41b8-9131-ee83afcdd6dd,5v5
92,1-8aadaef3-d6fa-4d43-a1f6-01d802e98b71,26/04/2026,00:36,de_inferno,Vitória,13 / 7,16,16,3,1,0.8,1.16,69,93,1861,11,20,2007,-22,EU,f4148ddd-bce8-41b8-9131-ee83afcdd6dd,5v5
93,1-e4237236-0710-4621-afb5-d48c9e33c375,25/04/2026,23:48,de_anubis,Vitória,8 / 13,21,13,5,1.62,1,1.45,57,98.3,2065,12,21,2029,21,EU,f4148ddd-bce8-41b8-9131-ee83afcdd6dd,5v5
94,1-b1c7192d-e650-4c0e-aef8-5e083c6d67e3,25/04/2026,23:04,de_inferno,Vitória,13 / 10,16,17,4,0.94,0.7,1.13,38,78.7,1809,6,23,2008,-21,EU,f4148ddd-bce8-41b8-9131-ee83afcdd6dd,5v5
95,1-a448d812-6e3b-479a-93b7-4ac96ec20d4d,25/04/2026,17:39,de_anubis,Vitória,13 / 7,18,10,0,1.8,0.9,1.34,50,86,1720,9,20,2029,25,EU,f4148ddd-bce8-41b8-9131-ee83afcdd6dd,5v5
96,1-dc7fde06-e0b9-40e0-ba65-4f3f347e10d7,25/04/2026,16:03,de_dust2,Vitória,9 / 13,13,18,8,0.72,0.59,0.94,31,66.1,1454,4,22,2004,-24,EU,f4148ddd-bce8-41b8-9131-ee83afcdd6dd,5v5
97,1-aae74574-b50f-4fee-b6a1-adfed6009c41,25/04/2026,02:17,de_overpass,Vitória,2 / 13,16,5,7,3.2,1.07,1.51,25,92.6,1389,4,15,2028,51,EU,f4148ddd-bce8-41b8-9131-ee83afcdd6dd,5v5
98,1-c0879808-84ff-4e0a-8fe4-f8c43d52ceca,25/04/2026,01:40,de_inferno,Vitória,7 / 13,19,11,5,1.73,0.95,1.52,42,89.6,1792,8,20,,,EU,f4148ddd-bce8-41b8-9131-ee83afcdd6dd,5v5
99,1-e7a0d8e9-c5be-4a54-850b-dc1067a88125,25/04/2026,01:00,de_nuke,Vitória,13 / 7,20,12,5,1.67,1,1.70,20,107.8,2157,4,20,,,EU,f4148ddd-bce8-41b8-9131-ee83afcdd6dd,5v5
100,1-cdd553be-3662-403e-84a2-cbf57fed4372,25/04/2026,00:21,de_anubis,Vitória,13 / 8,17,14,1,1.21,0.81,0.96,18,74,1555,3,21,,,EU,f4148ddd-bce8-41b8-9131-ee83afcdd6dd,5v5
101,1-2bca7ea4-f846-4f5d-9a0b-83c58a7450bf,24/04/2026,23:28,de_anubis,Vitória,8 / 13,15,15,5,1,0.71,1.10,33,66.9,1404,5,21,,,EU,f4148ddd-bce8-41b8-9131-ee83afcdd6dd,5v5
102,1-b5b61a32-e712-4c0f-ad14-52d466a5ceec,24/04/2026,22:36,de_inferno,Vitória,7 / 13,13,10,4,1.3,0.65,1.32,23,65,1300,3,20,,,EU,f4148ddd-bce8-41b8-9131-ee83afcdd6dd,5v5
103,1-2c8e7e07-acfe-452d-8879-bb5efc78ac59,24/04/2026,19:59,de_inferno,Vitória,13 / 4,9,8,5,1.12,0.53,1.21,44,50.9,865,4,17,,,EU,f4148ddd-bce8-41b8-9131-ee83afcdd6dd,5v5
104,1-ce708f49-f861-4de3-9bb1-68f10593a166,24/04/2026,19:12,de_overpass,Vitória,11 / 13,17,16,3,1.06,0.71,1.03,47,55.9,1341,8,24,,,EU,f4148ddd-bce8-41b8-9131-ee83afcdd6dd,5v5
105,1-bab1ac82-134c-48a7-91b6-b22409ca8f50,24/04/2026,18:20,de_inferno,Vitória,6 / 13,12,15,4,0.8,0.63,0.95,17,72.3,1374,2,19,,,EU,f4148ddd-bce8-41b8-9131-ee83afcdd6dd,5v5
106,1-243ac132-9c3f-4d4f-96eb-cbdc9dbdfdd7,24/04/2026,13:06,de_inferno,Vitória,19 / 15,25,21,4,1.19,0.74,1.08,32,74.2,2522,8,34,,,EU,f4148ddd-bce8-41b8-9131-ee83afcdd6dd,5v5
107,1-33b66af4-b9b9-4338-b814-973bfb39d3fe,21/04/2026,22:56,de_anubis,Vitória,13 / 11,11,18,2,0.61,0.46,0.80,45,54.4,1306,5,24,2053,-23,EU,f4148ddd-bce8-41b8-9131-ee83afcdd6dd,5v5
108,1-1b2d7ed9-26e5-4c3a-b47f-844be431bf5b,21/04/2026,01:04,de_overpass,Vitória,13 / 10,13,16,4,0.81,0.57,1.04,31,57.9,1331,4,23,2057,-20,EU,f4148ddd-bce8-41b8-9131-ee83afcdd6dd,5v5
109,1-bb455e5a-7761-49d3-8b6e-35eec81e6b95,19/04/2026,21:44,de_inferno,Vitória,6 / 13,13,16,1,0.81,0.68,0.96,38,76.8,1460,5,19,2077,-24,EU,f4148ddd-bce8-41b8-9131-ee83afcdd6dd,5v5
110,1-630e1974-8737-44aa-af96-e8c0c3ae7400,19/04/2026,21:02,de_inferno,Vitória,19 / 16,20,21,9,0.95,0.57,1.20,65,59.1,2067,13,35,2101,18,EU,f4148ddd-bce8-41b8-9131-ee83afcdd6dd,5v5
111,1-ff08986c-d7a2-4a18-adf0-5dd33f9456f5,19/04/2026,00:28,de_anubis,Vitória,13 / 6,23,14,4,1.64,1.21,1.26,48,111.2,2112,11,19,2083,-25,EU,f4148ddd-bce8-41b8-9131-ee83afcdd6dd,5v5
112,1-55ed62c0-aa19-4fca-9f58-be06eb65d29d,18/04/2026,23:44,de_inferno,Vitória,13 / 8,26,10,5,2.6,1.24,1.37,35,131.8,2768,9,21,2108,19,EU,f4148ddd-bce8-41b8-9131-ee83afcdd6dd,5v5
113,1-e2827c0a-ff31-435a-a86f-80b04d247810,18/04/2026,22:49,de_overpass,Vitória,13 / 8,8,14,2,0.57,0.38,0.94,25,45.8,961,2,21,2089,-18,EU,f4148ddd-bce8-41b8-9131-ee83afcdd6dd,5v5
114,1-4e9d48a5-924c-4fb2-ba82-21dd2c06311b,17/04/2026,23:02,de_overpass,Vitória,9 / 13,17,16,1,1.06,0.77,1.04,29,76.5,1684,5,22,2107,-22,EU,f4148ddd-bce8-41b8-9131-ee83afcdd6dd,5v5
115,1-702b5a07-3d93-41af-b6a6-fdaee1038938,17/04/2026,21:45,de_anubis,Vitória,17 / 19,24,23,8,1.04,0.67,1.19,21,77.7,2796,5,36,2129,-23,EU,f4148ddd-bce8-41b8-9131-ee83afcdd6dd,5v5
116,1-50f6bcef-1aab-49d9-ae77-81cea0e77119,16/04/2026,23:28,de_overpass,Vitória,11 / 13,15,19,5,0.79,0.62,0.90,27,70.3,1688,4,24,2152,13,EU,f4148ddd-bce8-41b8-9131-ee83afcdd6dd,5v5
117,1-a414f113-07e9-4744-8937-be8eb54e3876,16/04/2026,22:40,de_anubis,Vitória,16 / 14,28,19,4,1.47,0.93,1.25,21,91.1,2732,6,30,2139,-20,EU,f4148ddd-bce8-41b8-9131-ee83afcdd6dd,5v5
118,1-b3bc67cb-8947-48e1-8009-6303eb6fe4c0,16/04/2026,21:42,de_inferno,Vitória,10 / 13,18,18,6,1,0.78,1.10,39,91,2092,7,23,2159,-20,EU,f4148ddd-bce8-41b8-9131-ee83afcdd6dd,5v5
119,1-8a67f84a-24cd-46b6-8c1f-abc8ce07c4f4,16/04/2026,20:52,de_inferno,Vitória,13 / 4,9,10,5,0.9,0.53,1.17,22,71.9,1222,2,17,2179,22,EU,f4148ddd-bce8-41b8-9131-ee83afcdd6dd,5v5
120,1-642c2fe4-2ed4-430e-822b-60c0e7775cd9,16/04/2026,19:25,de_anubis,Vitória,6 / 13,14,15,3,0.93,0.74,0.91,21,85.3,1621,3,19,2157,-23,EU,f4148ddd-bce8-41b8-9131-ee83afcdd6dd,5v5
121,1-92b92681-8085-4d74-ae21-b7a8f54eff51,15/04/2026,23:51,de_anubis,Vitória,13 / 6,18,12,2,1.5,0.95,1.26,17,80.3,1526,3,19,2180,19,EU,f4148ddd-bce8-41b8-9131-ee83afcdd6dd,5v5
122,1-f013eb1c-abec-4745-9ef6-2c8e65850ced,15/04/2026,23:05,de_overpass,Vitória,14 / 16,21,19,4,1.11,0.7,1.22,48,67.7,2032,10,30,2161,20,EU,f4148ddd-bce8-41b8-9131-ee83afcdd6dd,5v5
123,1-92342124-385e-4b5b-8960-27179f1aa816,15/04/2026,21:41,de_overpass,Vitória,9 / 13,30,16,3,1.88,1.36,1.41,67,133.6,2940,20,22,2141,-24,EU,f4148ddd-bce8-41b8-9131-ee83afcdd6dd,5v5
124,1-3d8fd7e3-f76f-46d6-bae9-8a15785b8783,15/04/2026,20:49,de_inferno,Vitória,13 / 7,17,12,7,1.42,0.85,1.14,41,93.4,1868,7,20,2165,25,EU,f4148ddd-bce8-41b8-9131-ee83afcdd6dd,5v5
125,1-f7958b84-33da-4d43-973c-b77872f097c9,14/04/2026,23:42,de_inferno,Vitória,16 / 12,22,18,5,1.22,0.79,1.14,27,86.4,2418,6,28,2140,-19,EU,f4148ddd-bce8-41b8-9131-ee83afcdd6dd,5v5
126,1-2ae55d28-db08-4621-801a-9ae1df0424c8,14/04/2026,22:43,de_overpass,Vitória,17 / 19,10,24,11,0.42,0.28,0.80,20,41.4,1492,2,36,2159,-22,EU,f4148ddd-bce8-41b8-9131-ee83afcdd6dd,5v5
127,1-037e28f9-891e-4832-80ad-8383609c409d,14/04/2026,21:06,de_inferno,Vitória,8 / 13,18,10,7,1.8,0.86,1.45,39,106.8,2243,7,21,2181,21,EU,f4148ddd-bce8-41b8-9131-ee83afcdd6dd,5v5
128,1-83ef190e-0693-4f8f-b4cf-e6a69ac571d3,14/04/2026,13:30,de_anubis,Vitória,13 / 3,17,9,2,1.89,1.06,1.22,24,90.2,1443,4,16,2160,14,EU,f4148ddd-bce8-41b8-9131-ee83afcdd6dd,5v5
129,1-80228393-432f-4a81-9862-9ff4037e7db4,14/04/2026,00:03,de_inferno,Vitória,22 / 18,37,24,9,1.54,0.92,1.54,43,97.5,3901,16,40,2146,14,EU,f4148ddd-bce8-41b8-9131-ee83afcdd6dd,5v5
130,1-705aa14a-ff09-46af-9ef6-f8abcb00f9fa,13/04/2026,22:41,de_anubis,Vitória,11 / 13,19,15,11,1.27,0.79,1.39,32,81.5,1957,6,24,2132,14,EU,f4148ddd-bce8-41b8-9131-ee83afcdd6dd,5v5
131,1-1e5da2f6-b72d-477e-bfed-48d0f809d4f4,12/04/2026,23:29,de_anubis,Vitória,12 / 16,25,18,8,1.39,0.89,1.55,20,97.1,2720,5,28,2118,20,EU,f4148ddd-bce8-41b8-9131-ee83afcdd6dd,5v5
132,1-9ede53a9-bb31-41e7-8996-ed9acbe2f7b9,12/04/2026,22:30,de_mirage,Vitória,6 / 13,13,9,0,1.44,0.68,1.18,15,61.4,1166,2,19,2098,20,EU,f4148ddd-bce8-41b8-9131-ee83afcdd6dd,5v5
133,1-d67e2150-b840-4a8d-b175-1010ff230b10,12/04/2026,21:54,de_overpass,Vitória,13 / 8,18,14,2,1.29,0.86,1.27,56,90.4,1898,10,21,2078,-18,EU,f4148ddd-bce8-41b8-9131-ee83afcdd6dd,5v5
134,1-296d9bec-6fc5-41d5-8e00-3270a00d0d3e,12/04/2026,21:06,de_inferno,Vitória,7 / 13,13,11,5,1.18,0.65,1.10,46,65,1299,6,20,2096,22,EU,f4148ddd-bce8-41b8-9131-ee83afcdd6dd,5v5
135,1-4af5fd5a-2dda-4f16-9de6-7faef84e385c,12/04/2026,18:28,de_anubis,Vitória,13 / 11,10,16,6,0.62,0.42,1.02,60,60.5,1452,6,24,2074,-19,EU,f4148ddd-bce8-41b8-9131-ee83afcdd6dd,5v5
136,1-a6e264f3-04a6-4c5e-80ce-ea1792636610,12/04/2026,17:39,de_overpass,Vitória,11 / 13,15,18,7,0.83,0.62,0.93,67,78.1,1875,10,24,2093,21,EU,f4148ddd-bce8-41b8-9131-ee83afcdd6dd,5v5
137,1-c06d885e-8dd7-462d-99fa-cbed96db34a2,12/04/2026,16:48,de_nuke,Vitória,13 / 9,12,16,2,0.75,0.55,0.84,25,46.9,1031,3,22,2072,-20,EU,f4148ddd-bce8-41b8-9131-ee83afcdd6dd,5v5
138,1-319becd9-639d-44ab-ab24-4c6151854371,12/04/2026,15:57,de_dust2,Vitória,9 / 13,15,14,3,1.07,0.68,1.05,20,65.6,1444,3,22,2092,24,EU,f4148ddd-bce8-41b8-9131-ee83afcdd6dd,5v5
139,1-ae9477d2-b9e4-4b1d-8d4d-35bf98895024,12/04/2026,15:11,de_inferno,Vitória,11 / 13,20,16,8,1.25,0.83,1.05,45,82.7,1985,9,24,2068,26,EU,f4148ddd-bce8-41b8-9131-ee83afcdd6dd,5v5
140,1-fa4a007d-ec88-45ca-9dc4-2cb5834caf4d,12/04/2026,00:46,de_overpass,Vitória,13 / 10,10,18,6,0.56,0.43,0.83,40,58.5,1346,4,23,2042,-19,EU,f4148ddd-bce8-41b8-9131-ee83afcdd6dd,5v5
141,1-14824f8e-8110-4cdc-847a-34662bc8ce22,12/04/2026,00:00,de_anubis,Vitória,13 / 7,8,16,5,0.5,0.4,0.77,12,67,1340,1,20,2061,-20,EU,f4148ddd-bce8-41b8-9131-ee83afcdd6dd,5v5
142,1-15098496-685d-443d-84be-847e077c423e,11/04/2026,23:16,de_inferno,Vitória,13 / 16,15,20,8,0.75,0.52,1.07,40,75.4,2188,6,29,2081,-20,EU,f4148ddd-bce8-41b8-9131-ee83afcdd6dd,5v5
143,1-21f81f5e-6aa8-49fc-950b-778ff665f6b3,11/04/2026,02:11,de_anubis,Vitória,4 / 13,13,10,2,1.3,0.76,1.45,46,86.5,1471,6,17,2101,22,EU,f4148ddd-bce8-41b8-9131-ee83afcdd6dd,5v5
144,1-82a5657a-a0c3-46c1-a959-fcaa0bceb148,11/04/2026,01:32,de_anubis,Vitória,10 / 13,12,14,8,0.86,0.52,1.00,42,69.7,1603,5,23,2079,22,EU,f4148ddd-bce8-41b8-9131-ee83afcdd6dd,5v5
145,1-fa2562ed-d549-49ec-b44e-fab3a3887951,11/04/2026,00:41,de_anubis,Vitória,11 / 13,18,17,3,1.06,0.75,1.11,17,76.4,1833,3,24,2057,-24,EU,f4148ddd-bce8-41b8-9131-ee83afcdd6dd,5v5
146,1-60073c2f-036d-40af-93fa-b25a3e9401af,09/04/2026,23:36,de_anubis,Vitória,10 / 13,12,14,5,0.86,0.52,1.12,50,74.7,1717,6,23,2081,21,EU,f4148ddd-bce8-41b8-9131-ee83afcdd6dd,5v5
147,1-4ed964c9-ddbc-4d04-8293-efc0823c29f9,09/04/2026,22:46,de_inferno,Vitória,10 / 13,13,17,5,0.76,0.57,0.76,31,62.2,1431,4,23,2060,-23,EU,f4148ddd-bce8-41b8-9131-ee83afcdd6dd,5v5
148,1-c3493d10-d20c-40a2-b4c5-95436b772e22,09/04/2026,01:07,de_overpass,Vitória,5 / 13,14,9,4,1.56,0.78,1.38,29,82.4,1484,4,18,2083,14,EU,f4148ddd-bce8-41b8-9131-ee83afcdd6dd,5v5
149,1-15c4410a-aa6f-4760-b67f-cf8c44f10a2e,09/04/2026,00:00,de_nuke,Vitória,22 / 19,33,29,10,1.14,0.8,N/A,42,84,3445,14,41,2069,-24,EU,f4148ddd-bce8-41b8-9131-ee83afcdd6dd,5v5
150,1-c508e85b-89d7-4d44-a572-6ac0683ea21b,08/04/2026,01:15,de_inferno,Vitória,11 / 13,23,18,8,1.28,0.96,1.30,35,94.5,2268,8,24,2093,-24,EU,f4148ddd-bce8-41b8-9131-ee83afcdd6dd,5v5
151,1-9c298a86-1f37-4486-a4a4-dcba6972d4b0,08/04/2026,00:16,de_inferno,Vitória,13 / 10,15,17,8,0.88,0.65,1.12,47,64.2,1477,7,23,2117,18,EU,f4148ddd-bce8-41b8-9131-ee83afcdd6dd,5v5
152,1-cf564a53-3715-49f2-bdfe-ce56a1fea824,06/04/2026,22:38,de_overpass,Vitória,8 / 13,10,14,2,0.71,0.48,0.84,20,48.9,1027,2,21,2099,-19,EU,f4148ddd-bce8-41b8-9131-ee83afcdd6dd,5v5
153,1-87f92bc4-78ff-4e93-877a-25507bf69c6f,06/04/2026,00:41,de_inferno,Vitória,10 / 13,14,16,7,0.88,0.61,1.05,36,68.3,1570,5,23,2118,19,EU,f4148ddd-bce8-41b8-9131-ee83afcdd6dd,5v5
154,1-71fb88cf-8f77-4db6-97c9-7b29f33ae40a,05/04/2026,23:55,de_inferno,Vitória,16 / 14,20,17,5,1.18,0.67,1.14,40,81.7,2450,8,30,2099,20,EU,f4148ddd-bce8-41b8-9131-ee83afcdd6dd,5v5
155,1-03a56c3c-fd57-4fa3-8166-7b7594529a96,05/04/2026,22:38,de_inferno,Vitória,13 / 8,15,15,10,1,0.71,1.32,33,93,1953,5,21,2079,20,EU,f4148ddd-bce8-41b8-9131-ee83afcdd6dd,5v5
156,1-075762a2-010d-443f-94e4-9a6fe1dea3cc,05/04/2026,02:06,de_anubis,Vitória,7 / 13,13,13,6,1,0.65,1.22,46,81.8,1636,6,20,2059,21,EU,f4148ddd-bce8-41b8-9131-ee83afcdd6dd,5v5
157,1-ecc93b9d-5cf6-4ae3-97dd-eab309415374,05/04/2026,01:07,de_anubis,Vitória,10 / 13,15,19,6,0.79,0.65,1.15,60,77.2,1775,9,23,2038,22,EU,f4148ddd-bce8-41b8-9131-ee83afcdd6dd,5v5
158,1-dfcbf7a2-d2fe-4d5a-a0da-c6175882305a,05/04/2026,00:21,de_nuke,Vitória,8 / 13,24,12,5,2,1.14,1.27,25,93.2,1957,6,21,2016,27,EU,f4148ddd-bce8-41b8-9131-ee83afcdd6dd,5v5
159,1-dbedd724-2e26-4674-91f6-6a9090b0354c,04/04/2026,23:43,de_anubis,Vitória,13 / 6,8,15,2,0.53,0.42,0.70,38,54.4,1034,3,19,1989,-20,EU,f4148ddd-bce8-41b8-9131-ee83afcdd6dd,5v5
160,1-e9648409-93ea-45d2-9ec3-d6b6f2b69b2e,04/04/2026,23:05,de_anubis,Vitória,11 / 13,11,16,4,0.69,0.46,1.00,36,56.5,1356,4,24,2009,-20,EU,f4148ddd-bce8-41b8-9131-ee83afcdd6dd,5v5
161,1-cb742d61-dee0-483e-bdff-e362a079f4f4,04/04/2026,17:26,de_anubis,Vitória,13 / 8,8,16,2,0.5,0.38,0.65,38,51.8,1088,3,21,2029,-16,EU,f4148ddd-bce8-41b8-9131-ee83afcdd6dd,5v5
162,1-b6458dc0-1ed9-4a26-89bf-e9257d74a88f,04/04/2026,14:13,de_anubis,Vitória,13 / 6,9,14,8,0.64,0.47,0.81,11,66.8,1269,1,19,2045,-20,EU,f4148ddd-bce8-41b8-9131-ee83afcdd6dd,5v5
163,1-0d88ba1a-bf03-4783-8bb1-58c75ee03653,04/04/2026,01:35,de_inferno,Vitória,13 / 11,25,19,3,1.32,1.04,1.44,56,109.7,2632,14,24,2065,-19,EU,f4148ddd-bce8-41b8-9131-ee83afcdd6dd,5v5
164,1-e06a684f-650f-4a44-a381-70fc6ca28499,04/04/2026,00:42,de_dust2,Vitória,13 / 2,9,14,1,0.64,0.6,0.96,11,69.9,1049,1,15,2084,-21,EU,f4148ddd-bce8-41b8-9131-ee83afcdd6dd,5v5
165,1-b09714ad-6d69-4c70-96e3-2209b167b761,04/04/2026,00:00,de_overpass,Vitória,13 / 11,19,18,8,1.06,0.79,1.26,37,97.5,2339,7,24,2105,-22,EU,f4148ddd-bce8-41b8-9131-ee83afcdd6dd,5v5
166,1-27502be8-a528-4946-8c7b-e2c82b75fbf6,02/04/2026,23:45,de_overpass,Vitória,13 / 11,22,18,7,1.22,0.92,1.12,36,91.3,2191,8,24,2127,22,EU,f4148ddd-bce8-41b8-9131-ee83afcdd6dd,5v5
167,1-bb3a9ee8-2c53-43e2-bff1-103f0af8c3b0,02/04/2026,22:53,de_inferno,Vitória,10 / 13,17,16,6,1.06,0.74,1.08,18,90.5,2082,3,23,2105,-20,EU,f4148ddd-bce8-41b8-9131-ee83afcdd6dd,5v5
168,1-be10e20a-0eec-4a83-9358-749c9ac79de7,02/04/2026,22:01,de_anubis,Vitória,13 / 7,16,13,7,1.23,0.8,1.36,44,88.4,1768,7,20,2125,19,EU,f4148ddd-bce8-41b8-9131-ee83afcdd6dd,5v5
169,1-364125cd-a737-40af-905e-d24da8d3efe3,02/04/2026,00:50,de_anubis,Vitória,13 / 8,20,14,5,1.43,0.95,1.30,40,89.6,1881,8,21,2106,14,EU,f4148ddd-bce8-41b8-9131-ee83afcdd6dd,5v5
170,1-f0e3a510-3c17-4fe1-9279-af1f93fccc98,02/04/2026,00:03,de_inferno,Vitória,8 / 13,16,13,6,1.23,0.76,0.81,50,86.9,1824,8,21,2092,-22,EU,f4148ddd-bce8-41b8-9131-ee83afcdd6dd,5v5
171,1-cdffc20f-f880-4af2-a211-e73cf4b91a19,01/04/2026,00:24,de_anubis,Vitória,16 / 12,26,20,3,1.3,0.93,1.32,46,94.8,2654,12,28,2114,-25,EU,f4148ddd-bce8-41b8-9131-ee83afcdd6dd,5v5
172,1-fa227888-9fe1-4443-a4c3-e78ee03074b1,31/03/2026,23:26,de_inferno,Vitória,13 / 11,18,17,6,1.06,0.75,1.05,50,74.6,1790,9,24,2139,-19,EU,f4148ddd-bce8-41b8-9131-ee83afcdd6dd,5v5
173,1-9864daa7-314f-41a2-8399-556269208143,31/03/2026,22:33,de_anubis,Vitória,9 / 13,15,16,11,0.94,0.68,N/A,40,90.6,1993,6,22,2158,-23,EU,f4148ddd-bce8-41b8-9131-ee83afcdd6dd,5v5
174,1-03030ee0-71e8-483a-b579-ec7c8abc2370,31/03/2026,21:48,de_anubis,Vitória,11 / 13,14,18,9,0.78,0.58,0.95,43,74.3,1783,6,24,2181,23,EU,f4148ddd-bce8-41b8-9131-ee83afcdd6dd,5v5
175,1-51abccd1-c4b4-4fd5-bb13-8d5c1fc433c2,31/03/2026,21:01,de_inferno,Vitória,5 / 13,18,10,5,1.8,1,1.50,33,111,1998,6,18,2158,22,EU,f4148ddd-bce8-41b8-9131-ee83afcdd6dd,5v5
176,1-6d0719ba-5e09-4fee-89e5-1ac016d3ca1f,30/03/2026,00:51,de_mirage,Vitória,10 / 13,18,15,5,1.2,0.78,1.11,39,73.3,1686,7,23,,,EU,9f980704-9315-4295-b3da-b99e02c3a572,5v5
177,1-d4a5c11c-4efb-4052-982c-649ab61f6204,29/03/2026,23:58,de_nuke,Vitória,9 / 13,13,17,6,0.76,0.59,0.99,31,79.5,1749,4,22,2112,-22,EU,f4148ddd-bce8-41b8-9131-ee83afcdd6dd,5v5
178,1-e6dd25b3-7014-4a7d-bca4-d91eeeb906cb,29/03/2026,23:17,de_dust2,Vitória,13 / 1,5,12,6,0.42,0.36,0.58,40,60.1,842,2,14,2134,-22,EU,f4148ddd-bce8-41b8-9131-ee83afcdd6dd,5v5
179,1-ec7359b4-97d0-4d3e-9093-f228e1a42a1c,29/03/2026,22:50,de_inferno,Vitória,13 / 5,13,10,6,1.3,0.72,1.40,38,84.7,1524,5,18,2156,22,EU,f4148ddd-bce8-41b8-9131-ee83afcdd6dd,5v5
180,1-f9089c1e-653e-4787-9306-94f3df319f50,29/03/2026,22:12,de_train,Vitória,4 / 13,16,14,4,1.14,0.94,1.34,38,100.6,1711,6,17,,,EU,9f980704-9315-4295-b3da-b99e02c3a572,5v5
181,1-3cb02625-ce0a-490c-bed9-433b57d2d577,29/03/2026,21:40,de_mirage,Vitória,10 / 13,15,19,7,0.79,0.65,1.22,33,81.7,1879,5,23,,,EU,9f980704-9315-4295-b3da-b99e02c3a572,5v5
182,1-5943736a-fe9a-4d50-b84d-d86f2e106369,29/03/2026,00:51,de_inferno,Vitória,13 / 7,19,14,3,1.36,0.95,1.22,26,100.2,2003,5,20,2134,-19,EU,f4148ddd-bce8-41b8-9131-ee83afcdd6dd,5v5
183,1-407e8071-17b7-43ef-b735-f26d113f184e,28/03/2026,22:30,de_inferno,Vitória,13 / 4,13,14,4,0.93,0.76,0.99,62,85.1,1447,8,17,2153,-24,EU,f4148ddd-bce8-41b8-9131-ee83afcdd6dd,5v5
184,1-7189db60-ce10-48b0-81ea-243280d3c825,28/03/2026,21:31,de_inferno,Vitória,10 / 13,14,13,5,1.08,0.61,1.11,36,60.6,1393,5,23,2177,22,EU,f4148ddd-bce8-41b8-9131-ee83afcdd6dd,5v5
185,1-a0124454-932f-4a10-9569-746f6dee9bd2,28/03/2026,20:28,de_overpass,Vitória,13 / 4,18,8,1,2.25,1.06,1.42,44,107.6,1830,8,17,2155,22,EU,f4148ddd-bce8-41b8-9131-ee83afcdd6dd,5v5
186,1-59b42724-fb86-4f40-b13b-a22d45bc459c,28/03/2026,19:57,de_anubis,Vitória,13 / 7,16,13,5,1.23,0.8,1.21,50,67.6,1353,8,20,2133,23,EU,f4148ddd-bce8-41b8-9131-ee83afcdd6dd,5v5
187,1-c2ee483a-8cb3-4095-ac9e-a6a1b7d34259,27/03/2026,00:30,de_overpass,Vitória,20 / 22,24,29,14,0.83,0.57,1.11,46,78.8,3311,11,42,2085,-24,EU,f4148ddd-bce8-41b8-9131-ee83afcdd6dd,5v5
188,1-c118b305-9028-4759-a855-96ff22d61355,26/03/2026,00:07,de_anubis,Vitória,11 / 13,15,20,11,0.75,0.62,0.90,47,84.7,2033,7,24,,,EU,9f980704-9315-4295-b3da-b99e02c3a572,5v5
189,1-b32c4610-91c9-45f1-baba-2ddbc3dc107e,25/03/2026,22:29,de_dust2,Vitória,7 / 13,10,17,8,0.59,0.5,0.58,40,56.8,1136,4,20,2109,-20,EU,f4148ddd-bce8-41b8-9131-ee83afcdd6dd,5v5
190,1-9fe56443-c251-4a06-8adb-76996dd354d0,25/03/2026,21:52,de_overpass,Vitória,13 / 10,12,15,3,0.8,0.52,0.89,42,60.5,1392,5,23,2129,-19,EU,f4148ddd-bce8-41b8-9131-ee83afcdd6dd,5v5
191,1-cebd6b75-c7d3-4e06-a605-a4be7631510a,24/03/2026,23:34,de_mirage,Vitória,9 / 13,19,19,4,1,0.86,1.20,47,97.9,2154,9,22,,,EU,9f980704-9315-4295-b3da-b99e02c3a572,5v5
192,1-f39fb67a-1557-441e-8f5a-5829edea48a1,24/03/2026,22:46,de_anubis,Vitória,8 / 13,13,16,9,0.81,0.62,1.15,38,75.6,1588,5,21,,,EU,9f980704-9315-4295-b3da-b99e02c3a572,5v5
193,1-cbc5b0ab-1ce0-411a-91e8-97ba5c5ef22c,24/03/2026,21:58,de_overpass,Vitória,16 / 13,28,20,11,1.4,0.97,1.30,43,106,3075,12,29,,,EU,9f980704-9315-4295-b3da-b99e02c3a572,5v5
194,1-8a08ce35-71b5-4717-ad48-2df8177e63f7,23/03/2026,23:24,de_dust2,Vitória,11 / 13,11,14,5,0.79,0.46,0.97,36,52,1248,4,24,2148,21,EU,f4148ddd-bce8-41b8-9131-ee83afcdd6dd,5v5
195,1-1cc7e4e1-cd71-4e76-905b-487b50921e5f,23/03/2026,22:35,de_anubis,Vitória,13 / 7,22,14,4,1.57,1.1,1.69,36,115.4,2307,8,20,2127,24,EU,f4148ddd-bce8-41b8-9131-ee83afcdd6dd,5v5
196,1-c033a113-9dcd-4d26-864a-032bdcb02e1e,22/03/2026,01:36,de_mirage,Vitória,13 / 10,18,17,4,1.06,0.78,1.23,50,78,1793,9,23,,,EU,9f980704-9315-4295-b3da-b99e02c3a572,5v5
197,1-ee8a1c1e-4cf8-444d-9fca-f0a110da747d,22/03/2026,00:44,de_overpass,Vitória,19 / 16,24,29,6,0.83,0.69,0.97,38,66.9,2343,9,35,2103,20,EU,f4148ddd-bce8-41b8-9131-ee83afcdd6dd,5v5
198,1-d6e81a02-8830-4dbc-a539-f2b514e942d7,21/03/2026,23:34,de_dust2,Vitória,13 / 9,16,16,8,1,0.73,1.04,31,83.7,1842,5,22,2083,21,EU,f4148ddd-bce8-41b8-9131-ee83afcdd6dd,5v5
199,1-a2db1482-8e5a-4a24-ad83-124f3e688f57,21/03/2026,22:53,de_anubis,Vitória,10 / 13,20,15,5,1.33,0.87,1.52,35,96.4,2217,7,23,2062,-20,EU,f4148ddd-bce8-41b8-9131-ee83afcdd6dd,5v5
200,1-120f18ab-2923-45e3-ae06-8b6db72d4225,21/03/2026,00:40,de_anubis,Vitória,13 / 10,32,16,10,2,1.39,1.63,41,135.2,3109,13,23,2082,20,EU,f4148ddd-bce8-41b8-9131-ee83afcdd6dd,5v5
201,1-7ead1697-0846-41ee-bc0c-28a7c215586c,20/03/2026,23:57,de_nuke,Vitória,13 / 9,14,17,2,0.82,0.64,1.00,21,68.1,1499,3,22,2062,-20,EU,f4148ddd-bce8-41b8-9131-ee83afcdd6dd,5v5
202,1-ab500dd8-864f-4977-a3b0-cff1332193e9,20/03/2026,23:15,de_inferno,Vitória,10 / 13,16,15,8,1.07,0.7,1.31,62,77.9,1791,10,23,2082,21,EU,f4148ddd-bce8-41b8-9131-ee83afcdd6dd,5v5
203,1-7317cfa0-0d3d-478d-b206-934d5a4de7b7,20/03/2026,22:18,de_anubis,Vitória,13 / 11,16,19,6,0.84,0.67,0.97,38,82.5,1979,6,24,2061,-21,EU,f4148ddd-bce8-41b8-9131-ee83afcdd6dd,5v5
204,1-1b1242dd-d1c7-4b51-96d9-9805fc5304ef,20/03/2026,19:59,de_inferno,Vitória,4 / 13,12,11,1,1.09,0.71,1.27,42,61.4,1043,5,17,2082,20,EU,f4148ddd-bce8-41b8-9131-ee83afcdd6dd,5v5
205,1-562dcf83-2a46-4048-bd30-f88d8280b8d1,20/03/2026,15:51,de_anubis,Vitória,16 / 12,16,22,7,0.73,0.57,N/A,50,63.8,1787,8,28,2062,-19,EU,f4148ddd-bce8-41b8-9131-ee83afcdd6dd,5v5
206,1-4edc8184-442d-4597-b341-105365610fe2,20/03/2026,14:36,de_overpass,Vitória,13 / 11,16,15,7,1.07,0.67,1.20,56,64.8,1555,9,24,2081,23,EU,f4148ddd-bce8-41b8-9131-ee83afcdd6dd,5v5
207,1-1d4ec49f-2c56-48c5-a2a3-64e64d436177,19/03/2026,23:45,de_anubis,Vitória,16 / 13,23,24,6,0.96,0.79,1.19,30,82,2379,7,29,,,EU,9f980704-9315-4295-b3da-b99e02c3a572,5v5
208,1-8fc8c573-ef9d-45e5-ace8-cdae52b2e1a6,19/03/2026,22:40,de_nuke,Vitória,5 / 13,10,14,2,0.71,0.56,0.69,50,68.3,1229,5,18,2035,-21,EU,f4148ddd-bce8-41b8-9131-ee83afcdd6dd,5v5
209,1-422526e4-2c67-46fb-af8f-4c0c2db96f3f,19/03/2026,22:01,de_anubis,Vitória,13 / 10,19,14,8,1.36,0.83,1.29,37,84.8,1950,7,23,2056,22,EU,f4148ddd-bce8-41b8-9131-ee83afcdd6dd,5v5
210,1-7d0a9cbb-f716-4d4e-874a-2b360b28f35e,19/03/2026,19:48,de_dust2,Vitória,5 / 13,8,14,5,0.57,0.44,0.76,62,53.1,955,5,18,2034,-24,EU,f4148ddd-bce8-41b8-9131-ee83afcdd6dd,5v5
211,1-12349f71-982a-423c-91df-957635a664b4,19/03/2026,16:57,de_mirage,Vitória,13 / 10,11,15,0,0.73,0.48,0.96,36,49,1128,4,23,,,EU,9f980704-9315-4295-b3da-b99e02c3a572,5v5
212,1-56b4c276-08c3-4f50-902c-79139f30f71c,19/03/2026,16:14,de_inferno,Vitória,13 / 11,16,16,5,1,0.67,1.13,12,64.4,1545,2,24,,,EU,9f980704-9315-4295-b3da-b99e02c3a572,5v5
213,1-db1f33e8-418e-420e-adb6-21a0def7edea,18/03/2026,23:20,de_nuke,Vitória,13 / 6,10,13,10,0.77,0.53,1.07,10,76.3,1449,1,19,2058,13,EU,f4148ddd-bce8-41b8-9131-ee83afcdd6dd,5v5
214,1-8e630c0c-7431-4da0-bb85-b7b06c221ed2,18/03/2026,22:39,de_overpass,Vitória,10 / 13,18,14,6,1.29,0.78,1.26,17,72.7,1673,3,23,2045,13,EU,f4148ddd-bce8-41b8-9131-ee83afcdd6dd,5v5
215,1-2d2e8459-7b8d-43b4-88b9-3f5835a6a2d3,18/03/2026,21:50,de_nuke,Vitória,13 / 6,13,12,4,1.08,0.68,1.05,38,81.5,1549,5,19,2032,12,EU,f4148ddd-bce8-41b8-9131-ee83afcdd6dd,5v5
216,1-53a38f3c-28fc-45a1-985e-7b7927fdb100,17/03/2026,22:30,de_nuke,Vitória,13 / 11,16,20,9,0.8,0.67,1.19,44,86.8,2082,7,24,2020,26,EU,f4148ddd-bce8-41b8-9131-ee83afcdd6dd,5v5
217,1-24d109e8-1ff0-4af7-866b-b6913c7e51c8,17/03/2026,21:44,de_anubis,Vitória,13 / 8,15,13,7,1.15,0.71,1.12,33,70.4,1479,5,21,1994,26,EU,f4148ddd-bce8-41b8-9131-ee83afcdd6dd,5v5
218,1-101466a6-a281-4d8c-99c7-d74cfda16c5a,17/03/2026,20:57,de_inferno,Vitória,13 / 5,10,13,5,0.77,0.56,0.76,20,76.7,1381,2,18,1968,-25,EU,f4148ddd-bce8-41b8-9131-ee83afcdd6dd,5v5
219,1-d816126e-86a7-4e40-8679-1339a8946983,17/03/2026,00:20,de_anubis,Vitória,16 / 13,24,24,8,1,0.83,1.25,25,93.5,2712,6,29,1993,-15,EU,f4148ddd-bce8-41b8-9131-ee83afcdd6dd,5v5
220,1-cb7debaf-14be-4714-97f3-009d9dcd383f,16/03/2026,23:26,de_inferno,Vitória,13 / 3,14,13,1,1.08,0.88,1.24,43,88.9,1423,6,16,2008,-17,EU,f4148ddd-bce8-41b8-9131-ee83afcdd6dd,5v5
221,1-652365bb-f063-4b17-a88a-7f076a72d465,16/03/2026,17:18,de_inferno,Vitória,11 / 13,12,17,4,0.71,0.5,1.07,33,51.2,1228,4,24,2025,24,EU,f4148ddd-bce8-41b8-9131-ee83afcdd6dd,5v5
222,1-43da7e22-0271-4d34-903d-57b2734541a6,15/03/2026,22:00,de_inferno,Vitória,3 / 13,6,14,2,0.43,0.38,0.76,17,47.5,760,1,16,2001,-21,EU,f4148ddd-bce8-41b8-9131-ee83afcdd6dd,5v5
223,1-9a9920bb-153c-45d3-b8b5-73194111cae5,15/03/2026,21:13,de_mirage,Vitória,10 / 13,12,18,5,0.67,0.52,0.85,17,58.6,1347,2,23,,,EU,9f980704-9315-4295-b3da-b99e02c3a572,5v5
224,1-ccfab0ed-444e-4e37-8aae-8f68d059d315,14/03/2026,14:59,de_mirage,Vitória,11 / 13,11,16,7,0.69,0.46,1.01,27,57.9,1390,3,24,,,EU,9f980704-9315-4295-b3da-b99e02c3a572,5v5
225,1-c265ca8e-48f9-47d9-ba6d-734125374b79,13/03/2026,21:30,de_inferno,Vitória,13 / 10,19,17,4,1.12,0.83,0.81,21,73,1679,4,23,,,EU,9f980704-9315-4295-b3da-b99e02c3a572,5v5
226,1-4fc54b55-503a-4b78-b6f1-221348c0c563,12/03/2026,21:27,de_anubis,Vitória,13 / 8,18,18,5,1,0.86,1.05,28,96.9,2035,5,21,2022,-20,EU,f4148ddd-bce8-41b8-9131-ee83afcdd6dd,5v5
227,1-62e418ad-9543-48fd-8b88-c034ad3f7935,12/03/2026,00:14,de_nuke,Vitória,5 / 13,21,11,5,1.91,1.17,N/A,24,101.4,1825,5,18,2042,23,EU,f4148ddd-bce8-41b8-9131-ee83afcdd6dd,5v5
228,1-5379c4e9-73a6-42e7-a8c4-ce2e0b31771a,11/03/2026,23:25,de_mirage,Vitória,5 / 13,14,17,2,0.82,0.78,0.77,29,71.2,1281,4,18,2019,-22,EU,f4148ddd-bce8-41b8-9131-ee83afcdd6dd,5v5
229,1-b3b3d8ed-7bc9-45e4-8916-59f18712edb1,10/03/2026,20:31,de_overpass,Vitória,13 / 8,19,13,3,1.46,0.9,N/A,32,91.8,1928,6,21,2041,23,EU,f4148ddd-bce8-41b8-9131-ee83afcdd6dd,5v5
230,1-7544d7c8-7d5c-46f5-b039-912370501e0f,09/03/2026,23:29,de_inferno,Vitória,13 / 8,10,14,3,0.71,0.48,N/A,50,57.1,1200,5,21,2018,22,EU,f4148ddd-bce8-41b8-9131-ee83afcdd6dd,5v5
231,1-49108b65-803e-4e6a-8706-faa1b2a82e9a,09/03/2026,20:55,usp_containment,Vitória,13 / 4,5,15,2,0.33,0.29,N/A,100,41.1,698,5,17,,,EU,d8628f20-1f44-46a5-ab34-d865eac2915a,2v2
232,1-919686ae-dcfa-4b5a-88b6-52f8d7f77203,09/03/2026,20:42,usp_containment,Vitória,13 / 6,17,10,1,1.7,0.89,N/A,100,98.7,1876,17,19,,,EU,d8628f20-1f44-46a5-ab34-d865eac2915a,2v2
233,1-1c779411-cf9c-4967-b7f8-a01ff39c0c34,09/03/2026,20:33,usp_containment,Vitória,13 / 7,18,13,1,1.38,0.9,N/A,94,91.6,1832,17,20,,,EU,d8628f20-1f44-46a5-ab34-d865eac2915a,2v2
234,1-bb5000f6-9a56-44d0-b0e2-a040590991cb,09/03/2026,20:16,usp_containment,Vitória,13 / 5,14,7,2,2,0.78,N/A,93,82.7,1489,13,18,,,EU,d8628f20-1f44-46a5-ab34-d865eac2915a,2v2
235,1-3099ed56-3404-4948-8c69-f5e38bf3f756,08/03/2026,23:20,de_anubis,Vitória,13 / 11,14,14,2,1,0.58,N/A,21,55,1319,3,24,1996,23,EU,f4148ddd-bce8-41b8-9131-ee83afcdd6dd,5v5
236,1-6e59b10f-71f6-4512-a967-193484b56ac3,08/03/2026,22:34,de_anubis,Vitória,14 / 16,24,23,7,1.04,0.8,N/A,46,72.4,2172,11,30,1973,24,EU,f4148ddd-bce8-41b8-9131-ee83afcdd6dd,5v5
237,1-c5284562-3294-44a4-adaa-e88d339cee98,08/03/2026,20:03,de_overpass,Vitória,13 / 7,19,15,5,1.27,0.95,N/A,37,104.4,2088,7,20,,,EU,9f980704-9315-4295-b3da-b99e02c3a572,5v5
238,1-3f2b7194-0d1f-4ee4-9ede-ef292c7eb32b,08/03/2026,00:03,de_nuke,Vitória,16 / 14,24,20,7,1.2,0.8,N/A,42,88.8,2665,10,30,1949,-23,EU,f4148ddd-bce8-41b8-9131-ee83afcdd6dd,5v5
239,1-14e913f0-ee22-4c8c-b6a7-9558b074fdd5,07/03/2026,23:04,de_inferno,Vitória,16 / 14,26,20,6,1.3,0.87,N/A,35,89.9,2696,9,30,1972,26,EU,f4148ddd-bce8-41b8-9131-ee83afcdd6dd,5v5
240,1-39856d0b-b321-4e6a-b7fa-45ea1a2426fd,07/03/2026,21:49,de_anubis,Vitória,13 / 16,18,18,6,1,0.62,N/A,28,74,2145,5,29,1946,-24,EU,f4148ddd-bce8-41b8-9131-ee83afcdd6dd,5v5
241,1-23006703-d337-4d3d-b27f-70a9a5969651,05/03/2026,23:48,de_inferno,Vitória,16 / 13,21,22,8,0.95,0.72,N/A,14,77.3,2242,3,29,1970,25,EU,f4148ddd-bce8-41b8-9131-ee83afcdd6dd,5v5
242,1-dad5c97a-6631-49f6-91e7-3d4259187328,05/03/2026,21:54,de_inferno,Vitória,13 / 7,11,17,6,0.65,0.55,N/A,0,61.4,1229,0,20,1945,23,EU,f4148ddd-bce8-41b8-9131-ee83afcdd6dd,5v5
243,1-e00719c0-fd90-4c32-8714-48ab9078fe63,05/03/2026,21:07,de_mirage,Vitória,13 / 7,11,15,2,0.73,0.55,N/A,36,52.7,1054,4,20,1922,-24,EU,f4148ddd-bce8-41b8-9131-ee83afcdd6dd,5v5
244,1-435d9354-11af-473d-8504-5e4bfc4a51d1,04/03/2026,23:19,de_inferno,Vitória,16 / 14,22,18,9,1.22,0.73,N/A,23,77.2,2316,5,30,1946,26,EU,f4148ddd-bce8-41b8-9131-ee83afcdd6dd,5v5
245,1-b3f664d7-9837-4f0b-ae7b-42960c79971a,04/03/2026,22:13,de_dust2,Vitória,19 / 17,22,25,7,0.88,0.61,N/A,41,70.1,2523,9,36,1920,26,EU,f4148ddd-bce8-41b8-9131-ee83afcdd6dd,5v5
246,1-dd0a201b-31ec-4879-9af9-9acfbc2e6293,03/03/2026,21:36,de_inferno,Vitória,13 / 4,14,9,5,1.56,0.82,N/A,43,89.9,1529,6,17,1894,26,EU,f4148ddd-bce8-41b8-9131-ee83afcdd6dd,5v5
247,1-7bbbf363-0e29-488b-a149-2ff24a1cf48f,03/03/2026,18:28,de_inferno,Vitória,13 / 11,10,13,6,0.77,0.42,N/A,30,54.5,1309,3,24,1868,-25,EU,f4148ddd-bce8-41b8-9131-ee83afcdd6dd,5v5
248,1-33b449bc-7743-46c2-ae9d-742d5812257c,03/03/2026,17:34,de_overpass,Vitória,11 / 13,24,15,3,1.6,1,N/A,29,97.1,2330,7,24,1893,28,EU,f4148ddd-bce8-41b8-9131-ee83afcdd6dd,5v5
249,1-a9bf2137-5c2a-4392-aa0f-3beb857bb8e6,03/03/2026,16:41,de_overpass,Vitória,13 / 6,14,12,4,1.17,0.74,N/A,43,84.7,1609,6,19,1865,25,EU,f4148ddd-bce8-41b8-9131-ee83afcdd6dd,5v5
250,1-2f001d9d-88c8-4bc9-bacf-8a4167d9937b,03/03/2026,16:01,de_anubis,Vitória,13 / 5,12,11,6,1.09,0.67,N/A,25,65,1170,3,18,1840,25,EU,f4148ddd-bce8-41b8-9131-ee83afcdd6dd,5v5
